<annotation>
  <folder>320007843</folder>
  <filename>320007843_1083137999163465_7810984928095192053_n.jpg</filename>
  <source>
    <database>Unknown</database>
    <annotation>Unknown</annotation>
    <image>Unknown</image>
  </source>
  <size>
    <width>1500</width>
    <height>2000</height>
    <depth></depth>
  </size>
  <segmented>0</segmented>
  <object>
    <name>Rekenmachine</name>
    <truncated>0</truncated>
    <occluded>0</occluded>
    <difficult>0</difficult>
    <bndbox>
      <xmin>75.0</xmin>
      <ymin>646.88</ymin>
      <xmax>603.12</xmax>
      <ymax>1190.62</ymax>
    </bndbox>
    <attributes>
      <attribute>
        <name>rotation</name>
        <value>0.0</value>
      </attribute>
    </attributes>
  </object>
  <object>
    <name>PSoC_6</name>
    <truncated>0</truncated>
    <occluded>0</occluded>
    <difficult>0</difficult>
    <bndbox>
      <xmin>446.88</xmin>
      <ymin>1290.62</ymin>
      <xmax>1212.5</xmax>
      <ymax>1878.12</ymax>
    </bndbox>
    <attributes>
      <attribute>
        <name>rotation</name>
        <value>0.0</value>
      </attribute>
    </attributes>
  </object>
  <object>
    <name>PYNQ doos</name>
    <truncated>0</truncated>
    <occluded>0</occluded>
    <difficult>0</difficult>
    <bndbox>
      <xmin>325.0</xmin>
      <ymin>37.5</ymin>
      <xmax>1287.5</xmax>
      <ymax>953.12</ymax>
    </bndbox>
    <attributes>
      <attribute>
        <name>rotation</name>
        <value>0.0</value>
      </attribute>
    </attributes>
  </object>
  <object>
    <name>Pen</name>
    <truncated>0</truncated>
    <occluded>0</occluded>
    <difficult>0</difficult>
    <bndbox>
      <xmin>568.75</xmin>
      <ymin>950.0</ymin>
      <xmax>987.5</xmax>
      <ymax>1237.5</ymax>
    </bndbox>
    <attributes>
      <attribute>
        <name>rotation</name>
        <value>0.0</value>
      </attribute>
    </attributes>
  </object>
  <object>
    <name>DVB</name>
    <truncated>0</truncated>
    <occluded>0</occluded>
    <difficult>0</difficult>
    <bndbox>
      <xmin>296.88</xmin>
      <ymin>1125.0</ymin>
      <xmax>534.38</xmax>
      <ymax>1425.0</ymax>
    </bndbox>
    <attributes>
      <attribute>
        <name>rotation</name>
        <value>0.0</value>
      </attribute>
    </attributes>
  </object>
  <object>
    <name>Muis</name>
    <truncated>0</truncated>
    <occluded>0</occluded>
    <difficult>0</difficult>
    <bndbox>
      <xmin>1081.25</xmin>
      <ymin>734.38</ymin>
      <xmax>1425.0</xmax>
      <ymax>1143.75</ymax>
    </bndbox>
    <attributes>
      <attribute>
        <name>rotation</name>
        <value>0.0</value>
      </attribute>
    </attributes>
  </object>
</annotation>
