<annotation>
  <folder>321073271</folder>
  <filename>321073271_500999195350404_632986839048802021_n.jpg</filename>
  <source>
    <database>Unknown</database>
    <annotation>Unknown</annotation>
    <image>Unknown</image>
  </source>
  <size>
    <width>2000</width>
    <height>1500</height>
    <depth></depth>
  </size>
  <segmented>0</segmented>
  <object>
    <name>Pen</name>
    <truncated>0</truncated>
    <occluded>0</occluded>
    <difficult>0</difficult>
    <bndbox>
      <xmin>407.11</xmin>
      <ymin>578.91</ymin>
      <xmax>1815.7000000000003</xmax>
      <ymax>853.12</ymax>
    </bndbox>
    <attributes>
      <attribute>
        <name>rotation</name>
        <value>0.0</value>
      </attribute>
    </attributes>
  </object>
</annotation>
