<annotation>
  <folder>321419176</folder>
  <filename>321419176_1312830766223286_3935727907561341067_n.jpg</filename>
  <source>
    <database>Unknown</database>
    <annotation>Unknown</annotation>
    <image>Unknown</image>
  </source>
  <size>
    <width>2000</width>
    <height>1500</height>
    <depth></depth>
  </size>
  <segmented>0</segmented>
  <object>
    <name>Muis</name>
    <truncated>0</truncated>
    <occluded>0</occluded>
    <difficult>0</difficult>
    <bndbox>
      <xmin>500.86</xmin>
      <ymin>196.87</ymin>
      <xmax>1581.33</xmax>
      <ymax>1117.97</ymax>
    </bndbox>
    <attributes>
      <attribute>
        <name>rotation</name>
        <value>0.0</value>
      </attribute>
    </attributes>
  </object>
</annotation>
