<annotation>
  <folder>322312757</folder>
  <filename>322312757_1649632132125257_592485000424004832_n.jpg</filename>
  <source>
    <database>Unknown</database>
    <annotation>Unknown</annotation>
    <image>Unknown</image>
  </source>
  <size>
    <width>2000</width>
    <height>1500</height>
    <depth></depth>
  </size>
  <segmented>0</segmented>
  <object>
    <name>DVB</name>
    <truncated>0</truncated>
    <occluded>0</occluded>
    <difficult>0</difficult>
    <bndbox>
      <xmin>674.3</xmin>
      <ymin>534.37</ymin>
      <xmax>1431.33</xmax>
      <ymax>825.0</ymax>
    </bndbox>
    <attributes>
      <attribute>
        <name>rotation</name>
        <value>0.0</value>
      </attribute>
    </attributes>
  </object>
</annotation>
