[{"version":0,"tags":[],"shapes":[{"type":"rectangle","occluded":false,"outside":false,"z_order":0,"rotation":0.0,"points":[75.0,646.875,603.125,1190.625],"frame":0,"group":0,"source":"manual","attributes":[],"elements":[],"label":"Rekenmachine"},{"type":"rectangle","occluded":false,"outside":false,"z_order":0,"rotation":0.0,"points":[446.875,1290.625,1212.5,1878.125],"frame":0,"group":0,"source":"manual","attributes":[],"elements":[],"label":"PSoC_6"},{"type":"rectangle","occluded":false,"outside":false,"z_order":0,"rotation":0.0,"points":[325.0,37.5,1287.5,953.125],"frame":0,"group":0,"source":"manual","attributes":[],"elements":[],"label":"PYNQ doos"},{"type":"rectangle","occluded":false,"outside":false,"z_order":0,"rotation":0.0,"points":[568.75,950.0,987.5,1237.5],"frame":0,"group":0,"source":"manual","attributes":[],"elements":[],"label":"Pen"},{"type":"rectangle","occluded":false,"outside":false,"z_order":0,"rotation":0.0,"points":[296.875,1125.0,534.375,1425.0],"frame":0,"group":0,"source":"manual","attributes":[],"elements":[],"label":"DVB"},{"type":"rectangle","occluded":false,"outside":false,"z_order":0,"rotation":0.0,"points":[1081.25,734.375,1425.0,1143.75],"frame":0,"group":0,"source":"manual","attributes":[],"elements":[],"label":"Muis"},{"type":"rectangle","occluded":false,"outside":false,"z_order":0,"rotation":0.0,"points":[482.1093749999982,379.6874999999982,1635.2343749999982,1366.4062499999982],"frame":1,"group":0,"source":"manual","attributes":[],"elements":[],"label":"PSoC_6"},{"type":"rectangle","occluded":false,"outside":false,"z_order":0,"rotation":0.0,"points":[407.1093749999982,578.9062499999982,1815.7031249999982,853.1249999999982],"frame":2,"group":0,"source":"manual","attributes":[],"elements":[],"label":"Pen"},{"type":"rectangle","occluded":false,"outside":false,"z_order":0,"rotation":0.0,"points":[484.4531249999982,281.2499999999982,1555.5468749999982,1375.7812499999982],"frame":3,"group":0,"source":"manual","attributes":[],"elements":[],"label":"Rekenmachine"},{"type":"rectangle","occluded":false,"outside":false,"z_order":0,"rotation":0.0,"points":[500.8593749999982,196.87499999999818,1581.3281249999982,1117.9687499999982],"frame":4,"group":0,"source":"manual","attributes":[],"elements":[],"label":"Muis"},{"type":"rectangle","occluded":false,"outside":false,"z_order":0,"rotation":0.0,"points":[334.4531249999982,138.28124999999818,1522.7343749999982,967.9687499999982],"frame":5,"group":0,"source":"manual","attributes":[],"elements":[],"label":"PYNQ doos"},{"type":"rectangle","occluded":false,"outside":false,"z_order":0,"rotation":0.0,"points":[718.8281249999982,539.0624999999982,1318.8281249999982,778.1249999999982],"frame":6,"group":0,"source":"manual","attributes":[],"elements":[],"label":"DVB"},{"type":"rectangle","occluded":false,"outside":false,"z_order":0,"rotation":0.0,"points":[12.5,737.5,531.25,1250.0],"frame":7,"group":0,"source":"manual","attributes":[],"elements":[],"label":"Rekenmachine"},{"type":"rectangle","occluded":false,"outside":false,"z_order":0,"rotation":0.0,"points":[212.5,1021.875,628.125,1287.5],"frame":7,"group":0,"source":"manual","attributes":[],"elements":[],"label":"Pen"},{"type":"rectangle","occluded":false,"outside":false,"z_order":0,"rotation":0.0,"points":[500.0,1090.625,925.0,1443.75],"frame":7,"group":0,"source":"manual","attributes":[],"elements":[],"label":"Muis"},{"type":"rectangle","occluded":false,"outside":false,"z_order":0,"rotation":0.0,"points":[921.875,690.625,1462.5,1375.0],"frame":7,"group":0,"source":"manual","attributes":[],"elements":[],"label":"PSoC_6"},{"type":"rectangle","occluded":false,"outside":false,"z_order":0,"rotation":0.0,"points":[303.125,112.5,1225.0,965.625],"frame":7,"group":0,"source":"manual","attributes":[],"elements":[],"label":"PYNQ doos"},{"type":"rectangle","occluded":false,"outside":false,"z_order":0,"rotation":0.0,"points":[437.5781249999982,541.4062499999982,1724.2968749999982,810.9374999999982],"frame":8,"group":0,"source":"manual","attributes":[],"elements":[],"label":"Pen"},{"type":"rectangle","occluded":false,"outside":false,"z_order":0,"rotation":0.0,"points":[746.9531249999982,374.9999999999982,1536.7968749999982,1085.1562499999982],"frame":9,"group":0,"source":"manual","attributes":[],"elements":[],"label":"Muis"},{"type":"rectangle","occluded":false,"outside":false,"z_order":0,"rotation":0.0,"points":[674.2968749999982,534.3749999999982,1431.3281249999982,824.9999999999982],"frame":10,"group":0,"source":"manual","attributes":[],"elements":[],"label":"DVB"},{"type":"rectangle","occluded":false,"outside":false,"z_order":0,"rotation":0.0,"points":[312.5,487.5,1125.0,1525.0],"frame":11,"group":0,"source":"manual","attributes":[],"elements":[],"label":"PYNQ doos"},{"type":"rectangle","occluded":false,"outside":false,"z_order":0,"rotation":0.0,"points":[512.5781249999982,290.6249999999982,1661.0156249999982,1162.4999999999982],"frame":12,"group":0,"source":"manual","attributes":[],"elements":[],"label":"PSoC_6"},{"type":"rectangle","occluded":false,"outside":false,"z_order":0,"rotation":0.0,"points":[0.0,521.875,678.125,1225.0],"frame":13,"group":0,"source":"manual","attributes":[],"elements":[],"label":"PSoC_6"},{"type":"rectangle","occluded":false,"outside":false,"z_order":0,"rotation":0.0,"points":[340.625,90.625,1181.25,987.5],"frame":13,"group":0,"source":"manual","attributes":[],"elements":[],"label":"PYNQ doos"},{"type":"rectangle","occluded":false,"outside":false,"z_order":0,"rotation":0.0,"points":[437.5,1381.25,1000.0,1759.375],"frame":13,"group":0,"source":"manual","attributes":[],"elements":[],"label":"Rekenmachine"},{"type":"rectangle","occluded":false,"outside":false,"z_order":0,"rotation":0.0,"points":[100.0,1200.0,612.5,1359.375],"frame":13,"group":0,"source":"manual","attributes":[],"elements":[],"label":"Pen"},{"type":"rectangle","occluded":false,"outside":false,"z_order":0,"rotation":0.0,"points":[806.25,1012.5,1015.625,1337.5],"frame":13,"group":0,"source":"manual","attributes":[],"elements":[],"label":"DVB"},{"type":"rectangle","occluded":false,"outside":false,"z_order":0,"rotation":0.0,"points":[1028.125,871.875,1328.125,1268.75],"frame":13,"group":0,"source":"manual","attributes":[],"elements":[],"label":"Muis"},{"type":"rectangle","occluded":false,"outside":false,"z_order":0,"rotation":0.0,"points":[735.2343749999982,215.62499999999818,1337.5781249999982,1092.1874999999982],"frame":14,"group":0,"source":"manual","attributes":[],"elements":[],"label":"Muis"},{"type":"rectangle","occluded":false,"outside":false,"z_order":0,"rotation":0.0,"points":[706.25,1209.375,1050.0,1546.875],"frame":15,"group":0,"source":"manual","attributes":[],"elements":[],"label":"Muis"},{"type":"rectangle","occluded":false,"outside":false,"z_order":0,"rotation":0.0,"points":[606.25,1006.25,784.375,1418.75],"frame":15,"group":0,"source":"manual","attributes":[],"elements":[],"label":"Pen"},{"type":"rectangle","occluded":false,"outside":false,"z_order":0,"rotation":0.0,"points":[34.375,409.375,696.875,1162.5],"frame":15,"group":0,"source":"manual","attributes":[],"elements":[],"label":"PYNQ doos"},{"type":"rectangle","occluded":false,"outside":false,"z_order":0,"rotation":0.0,"points":[662.5,337.5,950.0,753.125],"frame":15,"group":0,"source":"manual","attributes":[],"elements":[],"label":"Rekenmachine"},{"type":"rectangle","occluded":false,"outside":false,"z_order":0,"rotation":0.0,"points":[862.5,687.5,1462.5,1287.5],"frame":15,"group":0,"source":"manual","attributes":[],"elements":[],"label":"PSoC_6"},{"type":"rectangle","occluded":false,"outside":false,"z_order":0,"rotation":0.0,"points":[662.5781249999982,248.43749999999818,1578.9843749999982,1258.5937499999982],"frame":16,"group":0,"source":"manual","attributes":[],"elements":[],"label":"PSoC_6"},{"type":"rectangle","occluded":false,"outside":false,"z_order":0,"rotation":0.0,"points":[671.9531249999982,243.74999999999818,1595.3906249999982,1239.8437499999982],"frame":17,"group":0,"source":"manual","attributes":[],"elements":[],"label":"PSoC_6"},{"type":"rectangle","occluded":false,"outside":false,"z_order":0,"rotation":0.0,"points":[425.0,1340.625,1125.0,1909.375],"frame":18,"group":0,"source":"manual","attributes":[],"elements":[],"label":"PSoC_6"},{"type":"rectangle","occluded":false,"outside":false,"z_order":0,"rotation":0.0,"points":[512.5,990.625,912.5,1281.25],"frame":18,"group":0,"source":"manual","attributes":[],"elements":[],"label":"Pen"},{"type":"rectangle","occluded":false,"outside":false,"z_order":0,"rotation":0.0,"points":[40.625,706.25,512.5,1215.625],"frame":18,"group":0,"source":"manual","attributes":[],"elements":[],"label":"Rekenmachine"},{"type":"rectangle","occluded":false,"outside":false,"z_order":0,"rotation":0.0,"points":[1053.125,781.25,1368.75,1162.5],"frame":18,"group":0,"source":"manual","attributes":[],"elements":[],"label":"Muis"},{"type":"rectangle","occluded":false,"outside":false,"z_order":0,"rotation":0.0,"points":[346.1718749999982,630.4687499999982,1717.2656249999982,867.1874999999982],"frame":19,"group":0,"source":"manual","attributes":[],"elements":[],"label":"Pen"},{"type":"rectangle","occluded":false,"outside":false,"z_order":0,"rotation":0.0,"points":[407.1093749999982,426.5624999999982,1464.1406249999982,1279.6874999999982],"frame":20,"group":0,"source":"manual","attributes":[],"elements":[],"label":"PYNQ doos"},{"type":"rectangle","occluded":false,"outside":false,"z_order":0,"rotation":0.0,"points":[453.125,171.875,1231.25,809.375],"frame":21,"group":0,"source":"manual","attributes":[],"elements":[],"label":"PYNQ doos"},{"type":"rectangle","occluded":false,"outside":false,"z_order":0,"rotation":0.0,"points":[109.375,1150.0,775.0,1825.0],"frame":21,"group":0,"source":"manual","attributes":[],"elements":[],"label":"PSoC_6"},{"type":"rectangle","occluded":false,"outside":false,"z_order":0,"rotation":0.0,"points":[771.875,1262.5,1253.125,1675.0],"frame":21,"group":0,"source":"manual","attributes":[],"elements":[],"label":"Rekenmachine"},{"type":"rectangle","occluded":false,"outside":false,"z_order":0,"rotation":0.0,"points":[287.5,756.25,646.875,1068.75],"frame":21,"group":0,"source":"manual","attributes":[],"elements":[],"label":"Pen"},{"type":"rectangle","occluded":false,"outside":false,"z_order":0,"rotation":0.0,"points":[1187.5,815.625,1362.5,1118.75],"frame":21,"group":0,"source":"manual","attributes":[],"elements":[],"label":"DVB"},{"type":"rectangle","occluded":false,"outside":false,"z_order":0,"rotation":0.0,"points":[759.375,843.75,1071.875,1253.125],"frame":21,"group":0,"source":"manual","attributes":[],"elements":[],"label":"Muis"},{"type":"rectangle","occluded":false,"outside":false,"z_order":0,"rotation":0.0,"points":[418.8281249999982,243.74999999999818,1438.3593749999982,1228.1249999999982],"frame":23,"group":0,"source":"manual","attributes":[],"elements":[],"label":"Rekenmachine"}],"tracks":[]}]