{"name":"DataSet maken SS","bug_tracker":"","status":"annotation","labels":[{"name":"Rekenmachine","color":"#d303ef","attributes":[],"type":"any","sublabels":[]},{"name":"PSoC_6","color":"#877d7b","attributes":[],"type":"any","sublabels":[]},{"name":"PYNQ doos","color":"#e73d87","attributes":[],"type":"any","sublabels":[]},{"name":"Pen","color":"#0060e0","attributes":[],"type":"any","sublabels":[]},{"name":"DVB","color":"#d1cb29","attributes":[],"type":"any","sublabels":[]},{"name":"Muis","color":"#4df720","attributes":[],"type":"any","sublabels":[]}],"subset":"","version":"1.0","data":{"chunk_size":24,"image_quality":70,"start_frame":0,"stop_frame":23,"storage_method":"cache","storage":"local","sorting_method":"lexicographical","chunk_type":"imageset","deleted_frames":[22]},"jobs":[{"start_frame":0,"stop_frame":23,"status":"annotation"}]}